4464,1.0
4,2.0
1982,1.0
4302,2.0
3158,2.0
2151,1.0
1950,2.0
1159,2.0
2378,0.0
989,1.0
3559,1.0
4478,0.0
2002,0.0
272,0.0
2934,0.0
2083,2.0
1679,2.0
3489,2.0
1297,1.0
5035,0.0
258,0.0
2075,1.0
4226,2.0
4627,0.0
435,1.0
4191,2.0
3183,0.0
5096,0.0
260,0.0
2455,0.0
2161,2.0
551,2.0
2292,1.0
4166,1.0
940,0.0
643,1.0
1771,2.0
3505,2.0
5185,2.0
694,2.0
2862,2.0
2632,0.0
1740,1.0
1446,0.0
2785,1.0
1588,2.0
4172,2.0
2233,0.0
2495,2.0
3788,0.0
49,1.0
465,2.0
2516,0.0
96,2.0
1489,0.0
1936,2.0
2183,2.0
2442,2.0
2612,2.0
1459,1.0
5278,2.0
1362,0.0
800,2.0
5099,1.0
1052,2.0
2999,2.0
3874,2.0
887,0.0
1255,2.0
2730,2.0
1877,0.0
3273,0.0
2703,0.0
4495,2.0
2650,0.0
1647,0.0
1861,2.0
3113,2.0
3527,2.0
2421,2.0
1401,0.0
4325,2.0
4379,2.0
1048,1.0
3821,0.0
510,1.0
4743,2.0
2923,1.0
3110,2.0
4074,2.0
3986,0.0
2728,2.0
3845,1.0
774,2.0
4445,2.0
1323,2.0
2403,2.0
5061,0.0
2926,2.0
4682,0.0
781,0.0
4429,2.0
160,2.0
1122,2.0
4625,2.0
4847,1.0
4684,0.0
3784,2.0
2213,0.0
4854,2.0
4630,2.0
769,2.0
1064,0.0
5100,2.0
4036,0.0
4881,0.0
5093,2.0
4799,1.0
3371,0.0
4218,1.0
4846,1.0
1905,0.0
1457,0.0
3961,0.0
5271,0.0
4901,0.0
569,2.0
3785,0.0
3272,1.0
985,2.0
4096,2.0
4116,0.0
2366,2.0
2616,2.0
474,1.0
44,0.0
184,0.0
134,0.0
1352,2.0
120,2.0
4354,0.0
3664,2.0
1688,2.0
845,1.0
4474,2.0
4312,2.0
2334,1.0
706,2.0
4976,0.0
4771,2.0
4666,2.0
1065,2.0
1963,2.0
839,2.0
2591,1.0
2847,2.0
2385,2.0
4507,0.0
366,1.0
2412,2.0
361,1.0
5224,1.0
3661,1.0
4960,2.0
3367,0.0
3587,0.0
1531,2.0
1873,2.0
3511,2.0
1850,1.0
2084,2.0
459,1.0
4350,2.0
4411,0.0
3282,0.0
2683,0.0
4212,1.0
983,0.0
1374,0.0
419,0.0
2042,1.0
4764,1.0
515,2.0
5157,2.0
1019,0.0
995,2.0
1475,1.0
1164,2.0
2039,0.0
3902,0.0
1703,2.0
1899,2.0
2697,2.0
575,1.0
3508,2.0
353,2.0
3715,0.0
4673,1.0
1347,2.0
2070,1.0
3484,2.0
3028,2.0
1093,0.0
2171,0.0
4996,2.0
814,1.0
838,2.0
3343,0.0
1147,1.0
2670,1.0
2132,2.0
1262,0.0
869,2.0
4283,2.0
4562,0.0
2426,0.0
2743,0.0
4447,0.0
4718,2.0
526,2.0
1722,2.0
4012,2.0
3048,2.0
3266,2.0
837,2.0
4767,2.0
4836,0.0
1955,1.0
1018,2.0
4858,0.0
4763,2.0
4999,2.0
4324,2.0
4118,2.0
4584,2.0
444,2.0
3980,2.0
5127,2.0
1202,2.0
4314,2.0
185,2.0
1205,0.0
4454,1.0
438,2.0
384,0.0
4887,2.0
920,2.0
3711,1.0
3643,1.0
1751,2.0
763,1.0
2597,2.0
4560,1.0
4359,2.0
301,1.0
3,0.0
4561,2.0
992,2.0
2830,2.0
2610,0.0
3704,2.0
2067,2.0
4520,0.0
4709,1.0
1509,1.0
3696,1.0
3741,0.0
2420,2.0
2652,0.0
1074,1.0
3301,2.0
417,1.0
4819,2.0
1604,2.0
3094,2.0
815,1.0
1000,2.0
3380,2.0
3875,2.0
3114,0.0
4773,1.0
2933,1.0
1090,0.0
3252,1.0
2486,2.0
3263,2.0
2473,1.0
4629,0.0
1895,2.0
1057,1.0
1536,0.0
1402,2.0
1398,0.0
1867,0.0
4020,1.0
2307,2.0
1463,2.0
16,2.0
790,0.0
415,2.0
656,2.0
4360,2.0
775,2.0
4115,2.0
1687,2.0
1483,2.0
2148,2.0
1993,2.0
3670,2.0
4993,2.0
3021,0.0
998,1.0
2073,0.0
4156,0.0
2317,2.0
2351,2.0
3249,2.0
898,0.0
1615,2.0
1444,1.0
4288,2.0
2717,2.0
5288,2.0
3890,2.0
2055,2.0
680,2.0
4548,0.0
2940,2.0
1469,2.0
3765,2.0
4842,2.0
3665,2.0
496,0.0
3381,2.0
3733,2.0
1066,2.0
1527,2.0
5277,1.0
2579,0.0
3159,2.0
291,1.0
1817,2.0
188,2.0
4812,0.0
538,2.0
1646,2.0
5187,2.0
1975,2.0
867,0.0
3703,2.0
2285,1.0
1893,2.0
4517,2.0
3734,0.0
3728,0.0
4264,2.0
2531,2.0
1663,1.0
1753,0.0
4053,2.0
558,1.0
1012,0.0
453,1.0
3656,0.0
488,0.0
871,1.0
4349,2.0
255,1.0
4374,2.0
3963,1.0
688,2.0
3971,2.0
4138,1.0
4413,2.0
4578,2.0
4672,0.0
4711,2.0
861,0.0
1284,0.0
4510,2.0
1964,2.0
4526,0.0
514,0.0
4227,2.0
3194,1.0
1838,0.0
1287,1.0
3191,2.0
3917,1.0
4570,0.0
67,2.0
5199,2.0
735,0.0
5206,0.0
4078,0.0
3773,0.0
3359,2.0
3954,2.0
938,2.0
2117,2.0
2702,2.0
1096,0.0
1498,2.0
777,0.0
3844,2.0
2166,0.0
552,1.0
1225,2.0
5148,1.0
736,1.0
3540,2.0
3869,1.0
4829,0.0
2613,2.0
4101,0.0
4255,1.0
3495,2.0
4873,0.0
597,2.0
1632,0.0
452,2.0
4390,2.0
4962,2.0
4611,2.0
2640,0.0
3840,0.0
4871,0.0
2813,1.0
1864,2.0
1533,0.0
2200,0.0
2725,0.0
2607,0.0
1194,2.0
4424,0.0
3838,2.0
1790,1.0
4298,2.0
4907,2.0
4822,0.0
4431,1.0
3493,2.0
395,2.0
223,2.0
218,2.0
4159,2.0
376,2.0
4157,2.0
1191,2.0
3087,2.0
3976,1.0
2018,1.0
4428,0.0
286,1.0
3651,0.0
1555,0.0
3133,2.0
4820,0.0
4233,2.0
3004,2.0
2567,0.0
5226,0.0
3932,2.0
3338,1.0
153,1.0
4203,1.0
342,0.0
4103,2.0
2500,2.0
3011,1.0
3067,2.0
4985,1.0
3985,2.0
1173,1.0
5116,0.0
4581,2.0
1295,2.0
4382,2.0
3763,0.0
4358,2.0
1480,2.0
3928,0.0
2757,0.0
3557,2.0
5246,0.0
4789,2.0
3811,1.0
3536,2.0
2627,2.0
4318,2.0
944,2.0
1645,2.0
3385,2.0
1758,1.0
3949,0.0
2035,2.0
1593,1.0
609,1.0
3008,2.0
2256,0.0
1984,2.0
810,1.0
3258,0.0
3673,0.0
2533,0.0
2972,2.0
3009,0.0
1388,2.0
4558,2.0
2255,0.0
1998,2.0
1461,1.0
2695,0.0
1676,1.0
1720,0.0
2163,1.0
1951,0.0
3597,2.0
4151,0.0
5252,1.0
4331,0.0
1395,2.0
2100,1.0
2071,2.0
4188,2.0
604,2.0
3192,2.0
857,1.0
4441,1.0
891,1.0
2636,2.0
4500,2.0
3827,1.0
2880,2.0
3568,1.0
5098,0.0
4270,2.0
3891,2.0
2284,2.0
1409,2.0
1207,1.0
1584,0.0
4735,1.0
3815,2.0
2559,0.0
1914,0.0
4008,0.0
2789,2.0
2828,2.0
1643,2.0
3070,2.0
1774,0.0
1539,1.0
2645,1.0
669,2.0
4451,0.0
5106,0.0
3167,2.0
1199,1.0
5211,1.0
2767,2.0
2425,2.0
3274,2.0
3600,2.0
5272,2.0
2369,1.0
3906,2.0
1554,2.0
3468,0.0
3271,2.0
3984,1.0
2832,1.0
437,1.0
501,1.0
2513,1.0
4438,0.0
596,1.0
5270,0.0
4129,0.0
4786,0.0
4783,0.0
2339,2.0
2186,2.0
3010,2.0
1670,2.0
3007,2.0
1165,2.0
848,2.0
3623,1.0
2434,1.0
1076,0.0
1278,2.0
3822,1.0
4532,2.0
1289,0.0
2509,2.0
3412,0.0
2659,2.0
1942,0.0
5237,0.0
2167,1.0
397,0.0
3634,2.0
1522,2.0
4164,2.0
3296,1.0
2088,0.0
433,0.0
3156,2.0
3101,1.0
4167,1.0
600,1.0
3444,0.0
2879,0.0
1607,0.0
190,0.0
1232,2.0
5069,1.0
2405,0.0
198,2.0
5097,2.0
608,2.0
1212,2.0
278,2.0
4056,1.0
1356,2.0
4465,0.0
1471,2.0
5115,2.0
3743,2.0
2170,0.0
1581,1.0
2288,2.0
1379,2.0
3428,1.0
4749,2.0
4803,1.0
874,1.0
1110,2.0
4459,2.0
556,1.0
3726,1.0
3583,0.0
3769,0.0
1777,2.0
2978,0.0
738,2.0
1443,2.0
1450,2.0
1917,0.0
2019,0.0
2172,2.0
416,0.0
3100,2.0
1785,2.0
1953,1.0
4037,1.0
4068,2.0
2889,2.0
219,0.0
1634,1.0
2642,2.0
3212,2.0
3384,1.0
1445,0.0
1233,2.0
2534,2.0
1188,0.0
2556,0.0
2279,1.0
4243,1.0
1966,0.0
2105,2.0
3363,0.0
4357,1.0
1261,1.0
4546,2.0
4019,0.0
2333,2.0
5191,2.0
3535,0.0
127,1.0
2856,1.0
429,1.0
4387,0.0
544,0.0
1667,1.0
1851,2.0
994,2.0
3658,0.0
3732,2.0
3285,0.0
1414,1.0
2572,0.0
3835,2.0
1204,1.0
3433,2.0
2883,2.0
3955,1.0
1208,0.0
2291,0.0
4516,1.0
2219,2.0
4416,1.0
5196,2.0
1970,0.0
1508,0.0
3405,0.0
631,2.0
4293,2.0
1708,2.0
2477,1.0
2384,0.0
3473,1.0
4123,2.0
3078,0.0
3972,2.0
3637,1.0
4808,2.0
2836,1.0
3694,2.0
5228,2.0
3052,0.0
51,1.0
3525,2.0
3719,0.0
4201,2.0
3490,1.0
4573,2.0
4620,0.0
2669,2.0
1200,0.0
1868,0.0
1752,1.0
3684,1.0
69,2.0
2988,2.0
2864,0.0
1976,2.0
594,2.0
1023,1.0
3824,1.0
6,0.0
4492,2.0
4455,2.0
407,2.0
1059,2.0
2751,2.0
3740,2.0
909,0.0
1661,0.0
3797,2.0
3213,2.0
4251,1.0
3336,1.0
2408,2.0
4776,2.0
1253,0.0
3307,1.0
3446,2.0
3014,2.0
2299,0.0
4029,2.0
1746,2.0
1884,1.0
470,0.0
1182,2.0
4969,1.0
3860,2.0
3792,2.0
2316,1.0
687,0.0
475,1.0
1930,2.0
1582,2.0
2707,1.0
5034,0.0
3317,2.0
4292,0.0
41,0.0
2845,1.0
1051,1.0
2994,2.0
4442,2.0
2077,2.0
1641,2.0
1148,0.0
4479,2.0
1635,2.0
2781,0.0
3268,2.0
3337,0.0
4758,0.0
1792,1.0
3430,2.0
33,2.0
30,1.0
2407,0.0
441,1.0
2221,2.0
4792,0.0
3842,1.0
1845,0.0
2252,2.0
4867,2.0
5222,1.0
2189,1.0
2046,0.0
753,0.0
1744,1.0
1271,1.0
108,1.0
3368,0.0
4323,2.0
3077,2.0
1141,2.0
2453,1.0
4549,1.0
675,2.0
4321,0.0
2775,1.0
3826,1.0
2588,2.0
2004,2.0
2609,2.0
245,2.0
4039,2.0
3506,2.0
2768,2.0
1263,0.0
1456,0.0
3943,1.0
4992,2.0
3315,2.0
212,0.0
588,2.0
3115,2.0
4018,0.0
4437,1.0
3857,2.0
4910,0.0
2860,2.0
3930,2.0
2920,0.0
4831,2.0
3339,2.0
623,2.0
1559,0.0
4943,1.0
743,0.0
4612,2.0
1846,2.0
3705,2.0
3117,1.0
5273,1.0
3483,1.0
95,1.0
852,1.0
935,2.0
4352,0.0
2605,0.0
4414,2.0
1996,0.0
528,0.0
3513,2.0
5042,1.0
1053,0.0
4435,2.0
932,2.0
835,1.0
590,0.0
1606,2.0
1170,2.0
4765,2.0
2750,2.0
5091,2.0
1904,2.0
3260,0.0
1408,0.0
310,0.0
1030,2.0
5160,2.0
2102,1.0
4498,1.0
3225,1.0
1566,2.0
5175,0.0
3478,0.0
101,2.0
4328,1.0
5094,0.0
3389,0.0
587,0.0
1385,1.0
2677,2.0
5282,2.0
1623,2.0
3187,1.0
1983,2.0
2808,0.0
5210,0.0
3331,2.0
5084,0.0
4319,0.0
3818,0.0
2079,0.0
1501,1.0
3654,1.0
768,2.0
2451,0.0
354,2.0
624,2.0
3649,2.0
682,2.0
3120,0.0
3806,1.0
2966,2.0
5141,1.0
972,2.0
5130,0.0
4855,2.0
1949,0.0
3400,0.0
4306,2.0
4768,0.0
2755,1.0
1007,2.0
3707,2.0
662,2.0
3880,2.0
455,0.0
1598,0.0
1800,1.0
4734,2.0
4066,0.0
1562,2.0
1075,2.0
3887,0.0
5279,1.0
1529,0.0
2898,1.0
3722,2.0
4412,0.0
4249,0.0
984,0.0
1353,2.0
4883,2.0
4100,2.0
1441,2.0
1854,2.0
1967,1.0
5218,2.0
3283,1.0
3983,0.0
3601,1.0
4310,1.0
1348,2.0
1350,2.0
3051,0.0
2543,2.0
3068,2.0
58,2.0
5112,2.0
4400,0.0
5113,0.0
4592,2.0
2030,2.0
174,2.0
2232,0.0
2349,0.0
4384,0.0
2318,2.0
1144,1.0
3798,2.0
1681,2.0
4604,0.0
1832,1.0
2524,0.0
1535,0.0
1407,1.0
4043,2.0
4244,2.0
770,0.0
4807,2.0
4731,1.0
3488,0.0
4023,1.0
1176,2.0
3668,1.0
1995,2.0
1586,2.0
2648,2.0
2929,0.0
3592,0.0
4756,2.0
729,2.0
4905,2.0
5079,0.0
3107,2.0
1108,2.0
1943,1.0
2422,0.0
386,0.0
3033,2.0
3119,1.0
1195,0.0
4176,2.0
1766,2.0
3342,0.0
2085,0.0
2182,2.0
2103,2.0
4120,0.0
1248,2.0
4069,2.0
3626,0.0
2247,0.0
2812,0.0
1382,2.0
2043,2.0
4281,1.0
4040,1.0
5008,0.0
1215,2.0
3243,0.0
448,2.0
477,2.0
1447,2.0
5261,2.0
3005,0.0
5232,1.0
2489,0.0
1259,2.0
377,1.0
5158,2.0
1723,1.0
3321,2.0
4289,0.0
4860,1.0
1856,2.0
1918,0.0
3373,1.0
5213,0.0
2108,2.0
2138,2.0
1515,1.0
2521,1.0
3780,0.0
1625,2.0
213,1.0
89,1.0
771,2.0
3735,0.0
3196,0.0
1368,0.0
2483,1.0
828,0.0
4377,2.0
1804,2.0
4750,2.0
1568,2.0
5001,2.0
766,2.0
2930,1.0
2963,0.0
1257,1.0
2128,2.0
1298,0.0
4949,2.0
1558,2.0
3137,0.0
711,0.0
1665,1.0
4284,0.0
546,2.0
3596,1.0
1157,0.0
2263,0.0
5193,0.0
1922,2.0
3858,2.0
4797,2.0
3689,0.0
3245,2.0
338,1.0
2154,2.0
1523,0.0
1513,2.0
2643,0.0
2795,0.0
3548,2.0
4095,0.0
42,2.0
2226,2.0
5105,0.0
2853,0.0
2786,2.0
3482,1.0
4198,0.0
2993,2.0
3193,2.0
634,2.0
4262,2.0
2120,2.0
4463,0.0
4571,1.0
3091,2.0
4426,2.0
2705,0.0
915,1.0
357,0.0
2177,0.0
674,2.0
2143,2.0
3088,1.0
3457,2.0
4466,0.0
3453,0.0
2389,0.0
5263,0.0
1813,2.0
599,2.0
5235,2.0
1695,0.0
4988,1.0
1341,2.0
2199,2.0
2519,2.0
3097,0.0
516,0.0
4204,2.0
1282,0.0
3638,2.0
3326,2.0
686,2.0
4967,1.0
4446,1.0
750,2.0
3753,0.0
1179,2.0
71,2.0
4179,2.0
2946,1.0
2900,1.0
81,2.0
3746,2.0
4817,2.0
1329,2.0
2248,0.0
3716,0.0
2038,1.0
1518,2.0
1965,2.0
2387,2.0
3328,0.0
2475,2.0
1707,2.0
4049,0.0
2119,2.0
4216,2.0
1769,2.0
2380,2.0
2868,1.0
1874,2.0
3122,0.0
4368,2.0
3929,2.0
644,2.0
1334,0.0
3138,1.0
5108,2.0
3662,0.0
4170,1.0
5088,2.0
1855,2.0
2502,0.0
2639,0.0
4739,1.0
2980,1.0
718,0.0
4662,1.0
4895,2.0
3748,2.0
3772,2.0
2529,0.0
274,0.0
4139,2.0
1114,0.0
721,0.0
5015,2.0
3580,2.0
2059,2.0
3059,1.0
3104,0.0
5087,2.0
3922,1.0
302,0.0
107,1.0
3611,0.0
5170,2.0
4148,2.0
2555,0.0
1339,1.0
2063,0.0
85,2.0
1104,2.0
2445,2.0
1881,2.0
1078,0.0
3663,1.0
731,2.0
2331,0.0
2010,1.0
3333,1.0
2890,2.0
639,1.0
1033,2.0
3588,2.0
2593,2.0
1410,1.0
2093,2.0
227,1.0
5183,2.0
601,0.0
593,2.0
1088,1.0
4256,1.0
2271,2.0
1433,0.0
3565,2.0
3598,0.0
1438,0.0
529,0.0
4410,2.0
5092,2.0
2306,2.0
1840,2.0
4724,2.0
2891,2.0
28,2.0
4261,1.0
4643,1.0
3819,2.0
1120,1.0
3038,2.0
2218,2.0
5110,0.0
495,0.0
3999,1.0
2991,2.0
5089,1.0
2427,2.0
762,0.0
2770,2.0
822,0.0
1710,2.0
3723,0.0
670,2.0
2319,0.0
655,2.0
2098,1.0
1791,2.0
2716,2.0
881,1.0
1292,2.0
2921,2.0
155,1.0
2631,0.0
1163,0.0
1296,0.0
834,2.0
4652,2.0
4945,0.0
692,1.0
4888,1.0
2300,0.0
2280,1.0
1273,2.0
2919,0.0
3755,0.0
128,0.0
4645,2.0
5242,2.0
3240,0.0
4536,2.0
1957,2.0
4939,0.0
1671,1.0
2935,2.0
4927,2.0
2878,0.0
5215,2.0
4547,2.0
1040,0.0
3567,0.0
4983,0.0
5169,1.0
2762,0.0
1605,0.0
1042,2.0
4757,2.0
1363,0.0
1054,2.0
241,1.0
3650,0.0
3287,2.0
812,2.0
3537,2.0
340,0.0
2124,2.0
4258,0.0
542,2.0
1843,2.0
2227,1.0
2745,1.0
3284,0.0
3253,0.0
3435,2.0
3864,1.0
5101,0.0
1928,2.0
3717,2.0
4599,1.0
3532,2.0
1911,2.0
3947,0.0
4241,2.0
4196,2.0
1430,2.0
955,2.0
2603,0.0
2195,2.0
157,2.0
339,0.0
2131,2.0
2465,0.0
3132,1.0
1369,0.0
355,0.0
1974,1.0
2393,2.0
2193,1.0
4770,1.0
3620,1.0
244,2.0
964,2.0
3675,0.0
2662,2.0
471,2.0
2932,2.0
3344,0.0
2234,0.0
3111,2.0
5147,1.0
3519,0.0
748,0.0
3642,2.0
4605,2.0
3856,0.0
3923,2.0
2584,1.0
4062,0.0
732,0.0
3443,0.0
1732,2.0
1151,1.0
1043,1.0
1822,0.0
4280,2.0
4715,1.0
3134,2.0
3752,1.0
1829,0.0
1737,2.0
2986,2.0
34,1.0
3759,1.0
3147,1.0
4697,2.0
5229,1.0
1224,0.0
4747,2.0
1031,2.0
2944,2.0
4010,2.0
1858,0.0
1313,2.0
1011,2.0
2327,2.0
3813,2.0
4535,2.0
2657,0.0
329,2.0
233,0.0
4444,2.0
2116,2.0
3040,1.0
3968,1.0
1234,0.0
4958,2.0
4956,2.0
2756,1.0
2553,0.0
2623,1.0
3247,0.0
1344,2.0
2566,0.0
319,1.0
1761,0.0
3083,0.0
2916,0.0
5172,1.0
1321,0.0
3491,0.0
4065,0.0
3899,1.0
2480,0.0
4307,1.0
961,0.0
4915,0.0
147,2.0
5016,2.0
4082,1.0
3477,0.0
373,2.0
251,2.0
3836,0.0
3572,0.0
4144,2.0
5117,1.0
5174,2.0
5050,0.0
228,2.0
4022,2.0
4875,1.0
172,1.0
3046,2.0
4523,0.0
539,0.0
3239,1.0
2051,0.0
2975,2.0
1825,1.0
3238,2.0
4690,2.0
4798,2.0
4316,1.0
4732,0.0
3676,1.0
4897,1.0
4001,1.0
2692,1.0
1879,2.0
567,2.0
171,0.0
3106,0.0
3054,0.0
5265,2.0
4813,0.0
996,2.0
1109,0.0
2656,0.0
2274,1.0
5188,2.0
4098,0.0
4649,1.0
5070,1.0
87,0.0
2058,0.0
4685,1.0
1028,1.0
862,2.0
1803,0.0
422,1.0
4155,2.0
2223,1.0
3090,1.0
1081,0.0
125,0.0
1548,0.0
1709,1.0
57,1.0
4614,2.0
5103,2.0
673,1.0
537,2.0
476,2.0
2040,1.0
4683,2.0
248,1.0
2992,2.0
1265,0.0
2691,1.0
3997,1.0
2352,2.0
3747,2.0
493,2.0
2139,0.0
4963,0.0
3908,2.0
1837,1.0
464,2.0
559,2.0
959,2.0
2050,1.0
1403,0.0
5167,2.0
908,2.0
1742,2.0
3553,2.0
374,2.0
2936,2.0
4016,1.0
2017,2.0
745,2.0
3607,1.0
4986,0.0
4989,1.0
90,0.0
4849,2.0
690,2.0
1572,1.0
3148,1.0
4914,1.0
1591,2.0
427,2.0
414,0.0
1491,2.0
3526,1.0
4550,2.0
5023,2.0
13,1.0
4661,2.0
2787,2.0
1765,2.0
72,2.0
2881,0.0
243,2.0
931,2.0
531,0.0
1795,2.0
3640,1.0
3584,2.0
4900,0.0
4337,2.0
2125,2.0
498,2.0
370,2.0
3834,2.0
1903,0.0
3581,2.0
332,1.0
712,0.0
3850,0.0
3793,0.0
4219,2.0
1020,0.0
3085,2.0
5002,2.0
401,0.0
3485,1.0
620,0.0
1782,1.0
4433,0.0
3714,2.0
4995,1.0
5203,2.0
3355,0.0
2134,2.0
1197,2.0
2899,2.0
3975,2.0
1283,1.0
1547,2.0
855,2.0
4499,0.0
3644,2.0
4423,2.0
1730,2.0
3071,0.0
5223,2.0
3450,2.0
2270,2.0
3144,2.0
4959,2.0
1460,1.0
2470,0.0
1812,2.0
3814,2.0
2016,0.0
3783,0.0
3496,2.0
4061,0.0
1986,2.0
5040,1.0
4977,0.0
4717,2.0
2214,2.0
4511,1.0
2482,2.0
1330,1.0
487,2.0
4568,2.0
4059,0.0
4182,2.0
4926,2.0
2842,0.0
1697,0.0
3762,2.0
202,2.0
482,2.0
3016,1.0
4421,0.0
3479,2.0
1716,0.0
5086,0.0
1747,2.0
2774,2.0
1218,1.0
1238,0.0
225,2.0
2449,0.0
1452,0.0
3823,0.0
1470,0.0
73,2.0
5053,0.0
5060,2.0
650,0.0
2526,1.0
4702,2.0
3379,0.0
858,0.0
1678,0.0
1968,0.0
877,0.0
896,2.0
5208,0.0
5182,2.0
2550,2.0
3546,0.0
2012,1.0
3679,0.0
565,1.0
3916,2.0
4528,0.0
5033,2.0
1834,1.0
1392,2.0
2061,2.0
4609,2.0
2220,1.0
2217,2.0
889,2.0
3045,2.0
2338,2.0
239,2.0
3417,2.0
317,1.0
208,1.0
1351,0.0
1190,1.0
1530,2.0
4462,2.0
4356,2.0
4694,2.0
4067,2.0
4491,0.0
517,0.0
2007,2.0
1156,2.0
2794,2.0
5151,2.0
2054,1.0
1187,2.0
3492,1.0
52,0.0
2990,0.0
2184,0.0
3219,1.0
4274,1.0
4941,0.0
1898,2.0
4794,0.0
3978,0.0
36,0.0
813,2.0
798,2.0
54,2.0
492,0.0
2671,2.0
11,0.0
1326,2.0
1328,0.0
4696,2.0
1755,1.0
4827,2.0
928,2.0
2821,2.0
4388,1.0
2111,2.0
4079,2.0
1715,0.0
3295,1.0
2021,2.0
1143,0.0
4659,2.0
2418,1.0
3859,0.0
5245,0.0
1010,0.0
3414,0.0
4221,2.0
3069,2.0
3693,2.0
235,1.0
4624,1.0
3515,2.0
2651,2.0
564,1.0
1478,1.0
328,0.0
3455,1.0
3170,0.0
1756,0.0
3942,0.0
5207,1.0
3222,0.0
1168,1.0
2244,2.0
4471,1.0
1630,2.0
5168,0.0
4664,1.0
3570,2.0
831,2.0
963,0.0
31,1.0
1655,1.0
97,1.0
5205,2.0
4556,2.0
4194,2.0
2028,0.0
1493,2.0
24,1.0
2152,1.0
1616,2.0
4131,2.0
657,2.0
1468,0.0
3124,2.0
1316,2.0
322,2.0
1628,0.0
2780,2.0
4210,1.0
2441,0.0
4275,2.0
4367,0.0
4835,2.0
939,2.0
863,0.0
1495,2.0
1264,1.0
4132,2.0
1712,0.0
1788,0.0
818,1.0
1806,0.0
1009,2.0
2608,2.0
3888,2.0
2293,2.0
4315,0.0
1300,1.0
574,0.0
4933,1.0
882,2.0
1004,2.0
62,0.0
817,2.0
4185,2.0
905,2.0
1594,2.0
5164,0.0
4631,0.0
2246,1.0
3244,0.0
3538,2.0
4577,0.0
4141,0.0
4322,2.0
5047,1.0
2969,2.0
3256,2.0
3893,2.0
3828,2.0
3816,0.0
1268,2.0
637,0.0
3777,2.0
783,1.0
789,2.0
2892,1.0
1924,2.0
4509,1.0
2395,2.0
369,2.0
1906,0.0
4856,2.0
3938,1.0
1318,1.0
383,0.0
3659,0.0
5179,0.0
4430,2.0
2690,0.0
424,2.0
1886,2.0
3558,0.0
4064,2.0
2047,2.0
1058,2.0
2839,1.0
5233,2.0
3849,2.0
654,2.0
1841,2.0
5119,2.0
323,0.0
3569,2.0
919,0.0
788,0.0
3277,2.0
4183,0.0
2664,0.0
3332,0.0
4564,1.0
2947,1.0
724,2.0
2362,1.0
1047,2.0
3767,2.0
592,0.0
3589,2.0
55,0.0
1291,1.0
4119,0.0
4294,2.0
4425,2.0
842,0.0
3551,2.0
1434,1.0
4540,0.0
2115,2.0
3881,2.0
375,2.0
312,0.0
430,2.0
2444,1.0
616,2.0
3019,0.0
2419,1.0
1532,2.0
4013,1.0
179,2.0
4260,1.0
2322,2.0
4843,0.0
324,1.0
3697,0.0
2315,2.0
632,1.0
5037,2.0
182,1.0
4826,1.0
5192,2.0
2537,2.0
2796,0.0
1573,2.0
2033,2.0
3486,2.0
2915,2.0
1578,1.0
3885,2.0
268,0.0
1406,2.0
4177,2.0
3531,2.0
1360,2.0
2308,0.0
1038,0.0
3060,2.0
4418,1.0
3754,1.0
4966,2.0
5137,1.0
116,2.0
3056,0.0
2439,2.0
4175,0.0
365,2.0
2305,2.0
3454,1.0
1831,1.0
2967,1.0
4714,2.0
1304,2.0
1169,1.0
3695,1.0
3135,2.0
4766,0.0
602,2.0
3854,1.0
561,1.0
4480,2.0
2068,2.0
2715,1.0
2142,2.0
5285,2.0
4163,0.0
1473,1.0
4393,1.0
378,0.0
512,2.0
1772,0.0
1112,2.0
2231,1.0
1294,0.0
1152,1.0
3171,0.0
3521,2.0
2392,2.0
4200,0.0
229,2.0
103,2.0
4063,2.0
2658,0.0
3609,0.0
1883,2.0
4668,1.0
2268,2.0
1006,1.0
3127,2.0
426,2.0
4688,0.0
4184,1.0
105,1.0
4192,2.0
1735,2.0
2164,0.0
2347,0.0
4434,0.0
836,2.0
2501,1.0
2204,2.0
3876,0.0
1902,1.0
483,1.0
1002,0.0
4215,2.0
3175,1.0
5239,1.0
2979,0.0
5006,0.0
1651,1.0
4024,0.0
792,2.0
4866,0.0
3396,1.0
4513,2.0
3218,2.0
930,1.0
406,0.0
746,2.0
4955,0.0
3314,2.0
3953,2.0
2503,1.0
4190,1.0
3925,2.0
4453,1.0
1910,2.0
1776,2.0
5071,2.0
4879,2.0
971,1.0
173,2.0
5266,2.0
4127,2.0
1597,2.0
1137,2.0
210,2.0
1206,0.0
318,2.0
2672,0.0
1186,0.0
5014,2.0
4266,1.0
614,0.0
3671,2.0
363,1.0
2840,1.0
1099,0.0
60,0.0
311,1.0
1080,0.0
3552,2.0
2370,0.0
976,0.0
698,2.0
3420,1.0
907,2.0
3248,2.0
4805,0.0
485,2.0
1027,0.0
1349,0.0
3199,0.0
133,0.0
3292,1.0
206,0.0
4017,2.0
603,2.0
628,2.0
257,2.0
4752,2.0
1317,2.0
3625,2.0
868,1.0
3211,1.0
110,0.0
3550,2.0
1725,2.0
586,1.0
2036,1.0
3700,1.0
4721,0.0
4456,0.0
4633,2.0
305,1.0
358,1.0
2560,2.0
2896,0.0
3206,2.0
2394,2.0
806,2.0
2372,2.0
2554,2.0
760,2.0
1763,0.0
2957,1.0
3564,2.0
4825,0.0
4634,1.0
4287,2.0
2511,2.0
3883,1.0
4345,2.0
4135,1.0
3205,1.0
713,0.0
1371,2.0
1421,2.0
1267,2.0
4214,0.0
446,2.0
169,0.0
4239,1.0
954,0.0
3846,2.0
77,2.0
4593,2.0
543,0.0
2456,2.0
10,2.0
2414,0.0
4087,2.0
684,2.0
941,2.0
3076,1.0
4147,1.0
5284,2.0
5197,0.0
1034,2.0
2726,0.0
1875,2.0
945,1.0
2596,2.0
3049,0.0
2888,1.0
3991,1.0
2072,1.0
263,2.0
1815,1.0
4815,2.0
5018,2.0
778,1.0
4953,2.0
3039,0.0
1627,2.0
4524,0.0
2126,0.0
3015,2.0
5200,1.0
2202,2.0
803,2.0
224,0.0
1954,2.0
4497,2.0
2693,0.0
2619,2.0
2417,0.0
1417,2.0
2259,2.0
1992,2.0
1958,2.0
4327,0.0
2476,2.0
3507,1.0
3288,2.0
2406,1.0
4107,2.0
2894,2.0
1944,0.0
2474,1.0
730,0.0
1648,0.0
4994,1.0
1095,0.0
3897,1.0
3017,2.0
4032,2.0
2062,0.0
3464,2.0
607,0.0
1686,1.0
4778,2.0
2724,0.0
4533,0.0
1223,2.0
4004,0.0
1085,2.0
5007,1.0
1797,0.0
4759,0.0
462,2.0
74,2.0
2985,2.0
1400,1.0
3970,0.0
1092,1.0
2090,2.0
2937,0.0
1612,0.0
2356,1.0
2321,2.0
2053,2.0
1467,2.0
4708,1.0
2229,2.0
356,2.0
4021,2.0
2790,2.0
1214,1.0
1063,0.0
4919,1.0
1689,2.0
341,1.0
4555,0.0
2261,2.0
283,2.0
4878,2.0
2358,0.0
1044,1.0
2777,0.0
4987,2.0
2687,2.0
451,0.0
2386,2.0
3042,1.0
2866,1.0
2722,0.0
676,2.0
4246,2.0
2192,2.0
3079,0.0
884,0.0
4383,2.0
2162,2.0
2052,2.0
4457,2.0
2104,2.0
3352,0.0
3995,1.0
3415,1.0
3873,2.0
4060,2.0
576,0.0
4045,2.0
1100,2.0
2006,2.0
4521,2.0
1117,2.0
525,1.0
3406,0.0
4728,0.0
4041,2.0
1482,2.0
1657,2.0
3149,2.0
2109,1.0
4667,2.0
3382,2.0
5152,0.0
2818,2.0
3766,2.0
3169,0.0
3257,2.0
349,1.0
4033,2.0
716,0.0
2091,2.0
1237,0.0
4816,2.0
2549,0.0
2799,0.0
3233,0.0
2296,2.0
4529,2.0
2264,2.0
5189,2.0
960,1.0
3871,2.0
2557,2.0
5190,1.0
1897,2.0
4112,2.0
641,2.0
1640,2.0
400,2.0
151,0.0
2507,2.0
292,2.0
4071,2.0
466,2.0
1557,2.0
3188,2.0
1366,2.0
1821,0.0
1247,0.0
8,2.0
3539,2.0
2499,2.0
2594,0.0
1322,0.0
764,0.0
683,2.0
2069,2.0
56,1.0
5262,1.0
942,0.0
5082,0.0
1610,1.0
2302,2.0
3164,1.0
4851,0.0
2129,0.0
409,0.0
2655,0.0
3416,1.0
5201,2.0
1504,2.0
993,2.0
2945,2.0
1134,2.0
1499,0.0
267,0.0
237,0.0
3544,2.0
2927,2.0
2359,0.0
3882,2.0
1454,0.0
2294,0.0
5138,0.0
503,1.0
2564,2.0
3141,2.0
1130,1.0
3931,0.0
3801,2.0
4603,2.0
1506,0.0
1579,2.0
3436,0.0
3062,0.0
3779,1.0
2197,2.0
86,2.0
3566,2.0
4916,0.0
92,1.0
4134,2.0
2558,2.0
4658,2.0
2457,0.0
3545,0.0
1500,1.0
3575,0.0
3410,2.0
3817,1.0
3431,2.0
2092,0.0
5013,0.0
3687,1.0
4653,2.0
5221,1.0
1553,0.0
3563,2.0
1375,1.0
32,1.0
2624,2.0
4223,0.0
3628,0.0
1281,0.0
3259,1.0
1306,2.0
304,2.0
2523,2.0
3523,2.0
39,0.0
1418,1.0
3749,2.0
350,0.0
250,2.0
2844,2.0
5165,2.0
411,1.0
502,2.0
178,1.0
4240,2.0
1857,2.0
5072,2.0
2527,2.0
1067,0.0
5020,0.0
1728,2.0
1492,1.0
63,2.0
4574,1.0
4947,2.0
1736,1.0
2026,2.0
653,1.0
2411,2.0
2611,2.0
3921,1.0
1512,2.0
4534,2.0
2435,0.0
1485,1.0
752,0.0
913,2.0
3472,2.0
3988,2.0
610,1.0
2013,2.0
1510,2.0
3992,2.0
4228,1.0
1738,2.0
1937,2.0
183,0.0
2265,2.0
2262,2.0
2995,1.0
5077,0.0
3825,2.0
1824,2.0
3281,2.0
1192,2.0
38,2.0
1853,2.0
1669,2.0
2145,0.0
159,2.0
398,2.0
5234,2.0
1617,2.0
3254,1.0
3174,0.0
900,2.0
2858,0.0
270,1.0
1301,1.0
2740,2.0
2734,2.0
4710,2.0
1618,2.0
5129,2.0
1089,2.0
1827,2.0
1760,1.0
3855,2.0
573,2.0
3031,2.0
1660,1.0
1552,2.0
240,0.0
3032,2.0
4608,1.0
200,2.0
2580,2.0
1674,2.0
4777,2.0
2964,0.0
4346,2.0
3044,0.0
3214,1.0
929,0.0
4146,0.0
4741,0.0
2481,2.0
3143,0.0
4408,2.0
4553,2.0
4638,1.0
647,2.0
5068,0.0
5027,1.0
5048,0.0
1960,2.0
739,1.0
4848,0.0
1809,2.0
4273,0.0
1932,2.0
2135,2.0
4415,0.0
468,2.0
649,1.0
12,2.0
262,2.0
2563,2.0
368,2.0
4406,0.0
821,0.0
4137,2.0
5269,2.0
4106,0.0
1876,2.0
2649,2.0
709,0.0
1560,2.0
279,2.0
412,2.0
3867,0.0
4237,2.0
3308,2.0
121,1.0
749,0.0
252,2.0
4488,2.0
132,0.0
3250,2.0
3957,0.0
48,2.0
4000,0.0
1240,1.0
3794,2.0
1759,2.0
3029,0.0
2807,1.0
3280,0.0
1481,0.0
2802,2.0
2804,0.0
3604,2.0
630,1.0
2961,2.0
4621,2.0
2437,2.0
150,0.0
1503,2.0
4802,0.0
3987,2.0
5012,1.0
2983,2.0
3886,2.0
1405,0.0
2000,0.0
2855,2.0
2874,0.0
1178,1.0
2646,2.0
156,1.0
4727,0.0
1041,2.0
4991,1.0
2448,2.0
1256,1.0
4872,2.0
953,1.0
2629,2.0
4527,0.0
2391,2.0
4342,0.0
146,0.0
720,0.0
1844,0.0
3086,2.0
629,1.0
2600,2.0
2260,0.0
581,1.0
3216,2.0
536,2.0
4931,0.0
2570,2.0
780,2.0
3829,2.0
4598,0.0
1049,1.0
2544,2.0
2276,1.0
921,0.0
3541,2.0
5268,2.0
3184,0.0
4399,0.0
795,1.0
3178,2.0
4501,0.0
2298,0.0
359,2.0
820,0.0
1609,0.0
4726,2.0
2581,2.0
3542,0.0
2735,2.0
1888,1.0
2020,2.0
865,0.0
2548,1.0
21,0.0
3927,2.0
779,2.0
1828,2.0
658,2.0
1985,2.0
5155,2.0
2498,2.0
277,1.0
4566,0.0
3204,0.0
4113,2.0
4569,2.0
1305,2.0
4698,0.0
605,2.0
2861,0.0
3770,0.0
408,1.0
4641,2.0
4407,1.0
4153,1.0
4680,0.0
3768,1.0
2029,1.0
5259,1.0
1035,2.0
2634,0.0
209,0.0
4072,2.0
4865,0.0
5010,1.0
765,2.0
4014,2.0
981,2.0
3354,2.0
1783,2.0
194,1.0
849,0.0
4301,0.0
141,1.0
678,2.0
1116,0.0
3720,1.0
3863,2.0
2987,1.0
2343,1.0
4740,1.0
5144,0.0
2547,2.0
3848,2.0
2443,2.0
4398,2.0
1519,0.0
3392,0.0
1907,2.0
2766,1.0
4093,0.0
3745,1.0
2401,2.0
4044,0.0
114,0.0
4267,2.0
3926,2.0
119,0.0
4193,2.0
2181,1.0
5177,1.0
797,1.0
4140,1.0
499,2.0
3182,2.0
4361,2.0
2080,0.0
211,2.0
5231,1.0
4924,2.0
1279,2.0
3012,2.0
1254,2.0
5126,2.0
5280,0.0
4531,1.0
138,0.0
1685,0.0
4111,1.0
4565,0.0
844,2.0
2854,2.0
4397,0.0
4908,0.0
523,2.0
1437,0.0
2877,1.0
4133,0.0
3228,2.0
2096,0.0
1549,0.0
1887,2.0
3944,0.0
1056,2.0
3365,2.0
860,2.0
2160,2.0
873,0.0
3203,0.0
3771,1.0
3255,1.0
4158,2.0
164,0.0
4371,2.0
611,1.0
3103,0.0
4889,1.0
3504,0.0
3442,0.0
3615,1.0
5045,2.0
2011,0.0
4934,2.0
1754,0.0
1358,1.0
3839,1.0
3512,0.0
767,1.0
3411,0.0
4746,0.0
695,0.0
5176,2.0
271,1.0
1694,2.0
481,0.0
2413,0.0
1808,2.0
3862,1.0
5161,2.0
1324,0.0
2107,2.0
5264,1.0
4954,1.0
259,2.0
4979,1.0
4806,0.0
5128,2.0
2379,1.0
432,0.0
1768,1.0
3227,2.0
2112,2.0
3220,0.0
4859,1.0
1915,1.0
3935,2.0
5258,0.0
4944,2.0
1394,2.0
4730,2.0
3993,2.0
2711,1.0
717,2.0
2931,2.0
2342,1.0
2325,1.0
4841,1.0
299,2.0
3941,1.0
3345,1.0
3958,2.0
47,0.0
425,1.0
5281,2.0
4320,2.0
53,0.0
4932,0.0
2122,0.0
1871,2.0
3808,2.0
1426,1.0
4626,1.0
3361,2.0
3691,0.0
22,0.0
61,1.0
3981,1.0
3861,2.0
691,0.0
20,1.0
2644,2.0
2230,1.0
866,2.0
4675,2.0
1848,1.0
1923,0.0
3737,2.0
308,1.0
5286,1.0
2074,1.0
404,2.0
3186,2.0
2598,2.0
1713,1.0
4837,2.0
3686,2.0
847,2.0
3727,2.0
1692,2.0
385,2.0
728,2.0
3555,0.0
320,1.0
275,1.0
2353,2.0
5212,2.0
3387,0.0
2239,1.0
4936,1.0
4984,0.0
3217,1.0
5118,1.0
460,1.0
4440,2.0
3868,1.0
5044,2.0
3969,0.0
1252,2.0
885,2.0
2689,2.0
3481,2.0
1091,0.0
5005,0.0
4646,0.0
2721,0.0
2236,2.0
2820,2.0
2282,1.0
1175,1.0
5204,1.0
5267,1.0
109,1.0
381,1.0
4940,2.0
2237,1.0
3870,0.0
2701,2.0
289,1.0
4586,2.0
3357,0.0
3879,2.0
3614,2.0
3163,1.0
1146,2.0
2942,0.0
618,0.0
1272,2.0
1106,2.0
4952,1.0
4541,1.0
456,1.0
2057,2.0
4343,2.0
1097,1.0
1981,2.0
4150,2.0
5081,2.0
1564,2.0
1561,1.0
4362,0.0
242,1.0
2364,0.0
1913,0.0
2582,2.0
3462,2.0
2720,2.0
4706,2.0
2873,1.0
4870,2.0
3026,2.0
660,2.0
1580,2.0
489,1.0
3065,0.0
5248,1.0
4918,1.0
253,2.0
1477,2.0
3560,1.0
2951,0.0
3303,2.0
3251,2.0
1060,1.0
3376,2.0
3330,1.0
3055,2.0
578,2.0
4917,1.0
2254,1.0
1762,2.0
2,1.0
799,2.0
261,1.0
64,0.0
2429,2.0
2485,2.0
1376,2.0
3833,1.0
2269,2.0
2585,0.0
27,2.0
1389,2.0
2825,1.0
958,2.0
3710,0.0
809,0.0
3242,1.0
1991,2.0
1704,2.0
4691,2.0
2848,2.0
5125,2.0
2814,1.0
463,2.0
3310,0.0
1973,2.0
4997,2.0
1659,2.0
1251,1.0
4199,1.0
990,1.0
521,1.0
3946,1.0
3289,1.0
518,0.0
1537,0.0
1682,2.0
4618,2.0
280,1.0
2267,0.0
130,2.0
5146,2.0
3576,1.0
1505,2.0
1521,1.0
2095,0.0
2373,1.0
1435,0.0
2834,0.0
2660,2.0
2464,2.0
393,0.0
4489,2.0
2278,1.0
15,0.0
3841,2.0
4853,2.0
1155,0.0
584,2.0
2462,0.0
585,1.0
4832,1.0
883,2.0
5074,2.0
394,0.0
2981,1.0
102,0.0
2909,2.0
3571,2.0
2742,2.0
892,2.0
3291,1.0
5080,2.0
399,2.0
1336,0.0
5260,2.0
4347,0.0
3776,2.0
1370,2.0
2045,2.0
4654,2.0
3990,0.0
1823,0.0
3594,0.0
2381,1.0
3895,2.0
4779,1.0
2178,2.0
405,2.0
3209,2.0
937,0.0
4744,1.0
4234,0.0
734,2.0
3408,2.0
1029,0.0
1084,0.0
3109,2.0
1340,0.0
4980,1.0
4247,0.0
4719,2.0
968,2.0
784,1.0
4902,2.0
3502,2.0
4525,1.0
923,2.0
3306,2.0
541,2.0
2130,1.0
3528,0.0
3562,1.0
390,0.0
4644,0.0
5132,2.0
45,1.0
878,1.0
232,2.0
1717,0.0
2245,2.0
3262,2.0
1719,2.0
1174,0.0
1277,0.0
431,0.0
2137,0.0
4703,2.0
3878,1.0
436,2.0
4809,2.0
793,0.0
2676,1.0
1956,0.0
3286,2.0
1320,0.0
4297,2.0
335,2.0
2911,2.0
494,2.0
5,0.0
2809,2.0
1775,2.0
4911,1.0
1727,0.0
901,1.0
635,0.0
4780,1.0
5195,2.0
1542,0.0
4506,0.0
5171,2.0
2912,2.0
4178,1.0
1698,2.0
1286,2.0
1416,2.0
5181,2.0
4738,2.0
1160,2.0
1780,0.0
3230,2.0
666,2.0
829,0.0
2243,0.0
4946,0.0
4090,2.0
5198,2.0
1032,1.0
997,2.0
3657,1.0
2823,0.0
2824,1.0
4217,0.0
3466,1.0
5154,0.0
3145,0.0
4505,2.0
5194,0.0
3789,2.0
3461,1.0
175,1.0
2841,1.0
1637,2.0
2517,0.0
969,0.0
1139,2.0
4038,1.0
2487,2.0
4632,0.0
2709,0.0
1315,0.0
667,2.0
1989,2.0
1570,2.0
2595,2.0
1105,1.0
733,0.0
2031,0.0
4339,1.0
572,0.0
4309,0.0
148,2.0
545,2.0
2941,0.0
2155,2.0
2696,1.0
5090,1.0
5139,2.0
5073,0.0
4332,0.0
467,1.0
65,1.0
396,2.0
1724,2.0
2250,1.0
196,0.0
4432,1.0
4583,2.0
1245,2.0
4475,2.0
5076,0.0
5275,2.0
1022,2.0
3399,1.0
1773,2.0
3168,2.0
1005,2.0
2736,0.0
4676,2.0
1764,2.0
1325,2.0
3787,2.0
203,0.0
3892,1.0
1636,2.0
4699,2.0
652,1.0
3047,0.0
78,2.0
1600,2.0
4034,2.0
3465,0.0
3757,2.0
204,2.0
2761,2.0
2478,2.0
3666,1.0
2415,1.0
1280,1.0
2179,1.0
2626,0.0
924,2.0
681,2.0
2819,1.0
4920,1.0
700,2.0
949,0.0
3698,1.0
4073,1.0
642,2.0
3370,2.0
380,0.0
2203,0.0
303,2.0
4769,1.0
2617,2.0
3053,2.0
2494,2.0
1222,2.0
2433,0.0
3590,1.0
2897,2.0
226,0.0
3234,2.0
1125,2.0
170,0.0
1171,0.0
1830,2.0
3441,0.0
4105,2.0
4348,1.0
4720,0.0
5142,2.0
4373,1.0
3933,1.0
4351,0.0
1664,1.0
3112,2.0
2620,0.0
3739,0.0
4363,0.0
1008,2.0
3150,1.0
560,1.0
3681,2.0
266,2.0
254,2.0
3830,2.0
4121,2.0
1399,2.0
3224,2.0
4476,0.0
1166,2.0
2110,1.0
1045,0.0
1569,2.0
5283,2.0
4929,1.0
2175,1.0
5011,2.0
4169,2.0
2902,2.0
2654,0.0
2960,1.0
3911,2.0
5107,1.0
3165,1.0
3146,0.0
3907,2.0
145,2.0
344,2.0
2396,1.0
999,0.0
742,1.0
4828,2.0
3635,0.0
2850,2.0
1285,0.0
1739,1.0
3349,0.0
3422,1.0
334,0.0
2831,2.0
2851,0.0
2758,2.0
4467,0.0
4647,1.0
4080,0.0
1587,2.0
1183,2.0
4890,0.0
1882,0.0
2618,1.0
2360,1.0
2205,2.0
297,2.0
1926,2.0
638,0.0
2504,2.0
4344,1.0
4607,0.0
4461,0.0
2228,1.0
3323,2.0
704,1.0
3075,2.0
1602,0.0
4793,1.0
4882,2.0
1219,2.0
4990,0.0
974,2.0
577,2.0
1978,0.0
4083,1.0
5186,0.0
2546,1.0
3157,2.0
786,1.0
1162,2.0
1436,2.0
1014,2.0
3108,1.0
2810,1.0
3974,2.0
3237,0.0
819,1.0
1941,2.0
1787,2.0
1111,2.0
0,1.0
2769,2.0
3709,1.0
4580,1.0
2763,2.0
2729,2.0
1683,0.0
2784,0.0
3320,0.0
1039,2.0
5249,1.0
2078,2.0
4051,2.0
2673,0.0
2458,2.0
3807,0.0
66,2.0
2432,2.0
2136,2.0
5095,0.0
1311,2.0
1892,2.0
1890,0.0
5149,1.0
256,1.0
2782,2.0
2520,1.0
2876,1.0
4804,0.0
4519,1.0
4981,2.0
2886,1.0
3533,1.0
5031,2.0
3718,1.0
3919,0.0
4311,2.0
2958,0.0
5136,2.0
5051,2.0
2956,0.0
2953,0.0
3241,2.0
2893,2.0
1693,1.0
5026,1.0
2542,2.0
113,0.0
3452,1.0
4545,2.0
4242,1.0
3627,2.0
3901,2.0
856,2.0
1189,2.0
3764,1.0
2739,2.0
4417,2.0
626,1.0
4885,1.0
4876,0.0
1061,1.0
1696,1.0
4619,0.0
1589,1.0
621,2.0
4725,2.0
3708,0.0
2169,0.0
3140,2.0
3095,0.0
2304,2.0
1596,2.0
2518,2.0
1750,2.0
1246,2.0
2187,1.0
4595,0.0
1526,1.0
3226,0.0
4886,0.0
5000,1.0
4844,2.0
4277,2.0
1668,1.0
3593,0.0
162,0.0
1869,1.0
1429,2.0
379,2.0
1613,1.0
840,2.0
3388,2.0
1934,2.0
832,1.0
1439,2.0
4754,2.0
3872,2.0
5054,1.0
4704,2.0
4961,2.0
1999,0.0
2410,0.0
9,2.0
1781,1.0
3058,0.0
2723,2.0
787,2.0
1770,1.0
3810,1.0
785,2.0
2599,1.0
4291,2.0
3080,2.0
1422,1.0
5256,1.0
3520,2.0
382,1.0
1145,0.0
2869,2.0
3073,0.0
4657,2.0
98,1.0
4925,2.0
3074,0.0
3050,2.0
2431,2.0
4503,0.0
4075,1.0
4942,1.0
3118,2.0
2368,0.0
83,2.0
4300,2.0
1319,0.0
3356,1.0
1072,0.0
4712,2.0
1071,2.0
796,0.0
3437,0.0
2778,0.0
1652,2.0
3278,0.0
807,0.0
4375,0.0
5114,1.0
2803,2.0
3685,2.0
3208,0.0
3805,2.0
4392,2.0
1345,1.0
1680,2.0
3304,1.0
633,1.0
2188,2.0
511,1.0
2976,1.0
3215,0.0
4551,2.0
4265,2.0
2336,1.0
50,2.0
758,0.0
4162,0.0
1121,0.0
1749,0.0
1608,0.0
4405,2.0
276,2.0
2685,0.0
530,2.0
4606,1.0
4751,2.0
952,2.0
1128,0.0
591,2.0
2144,1.0
4380,2.0
4613,0.0
313,1.0
589,2.0
3102,2.0
1184,2.0
1811,1.0
582,0.0
1,2.0
1101,2.0
2497,2.0
1397,0.0
2875,2.0
553,2.0
2759,1.0
3023,2.0
3751,0.0
5225,1.0
2719,2.0
4693,2.0
99,1.0
956,1.0
4490,2.0
3413,1.0
76,0.0
2586,2.0
4542,2.0
1912,2.0
2463,0.0
864,1.0
1799,2.0
2948,2.0
5032,2.0
677,1.0
3177,1.0
421,2.0
1534,1.0
1016,0.0
1789,2.0
2320,1.0
2014,1.0
443,0.0
104,0.0
4892,0.0
1303,2.0
2027,1.0
1901,1.0
4484,0.0
4563,2.0
2330,0.0
549,0.0
663,1.0
5159,0.0
3889,1.0
5150,2.0
3896,2.0
1462,2.0
1798,0.0
816,0.0
26,0.0
4705,0.0
3894,0.0
4840,1.0
59,1.0
3201,2.0
3967,0.0
5255,0.0
4117,1.0
1221,2.0
2718,2.0
4099,0.0
3458,0.0
1940,2.0
3608,1.0
2589,2.0
936,2.0
3831,1.0
2816,2.0
4333,1.0
3677,2.0
4205,1.0
893,2.0
4054,1.0
4250,1.0
1133,2.0
2206,1.0
3223,2.0
4909,2.0
2196,2.0
1364,0.0
3820,2.0
3487,0.0
1077,0.0
1037,2.0
410,1.0
811,1.0
1129,2.0
1309,2.0
535,1.0
4085,1.0
563,0.0
3633,0.0
4559,1.0
3082,1.0
123,1.0
1124,2.0
740,1.0
285,1.0
5028,2.0
5025,2.0
977,1.0
2150,1.0
2127,0.0
2211,1.0
4502,1.0
4622,2.0
3231,1.0
2574,2.0
703,2.0
4493,1.0
5145,1.0
4938,2.0
5056,1.0
5059,1.0
2924,2.0
4276,0.0
3341,0.0
4259,2.0
3803,2.0
197,1.0
625,2.0
3469,0.0
4305,0.0
2901,2.0
3678,2.0
3202,1.0
4784,0.0
2329,0.0
2216,1.0
442,2.0
3758,2.0
3155,2.0
1865,1.0
5124,1.0
4070,2.0
3407,0.0
3377,2.0
899,2.0
2604,0.0
4303,2.0
3632,2.0
2375,0.0
88,1.0
3351,2.0
823,2.0
579,0.0
5276,2.0
1086,2.0
912,1.0
671,2.0
3293,2.0
917,2.0
689,0.0
3018,0.0
1302,1.0
4077,1.0
2133,2.0
1816,2.0
4160,2.0
264,1.0
1308,2.0
2337,1.0
3421,2.0
1994,2.0
4591,2.0
1575,1.0
3778,2.0
4775,0.0
327,0.0
4722,0.0
230,2.0
2870,2.0
1354,0.0
4229,2.0
4391,0.0
4543,1.0
287,0.0
5214,1.0
2622,2.0
1458,2.0
2374,2.0
1235,1.0
3364,1.0
1227,1.0
1250,2.0
1767,2.0
934,1.0
2562,1.0
4335,0.0
46,2.0
186,2.0
2113,0.0
314,1.0
3276,2.0
1466,2.0
911,2.0
1551,0.0
2508,1.0
2882,2.0
68,0.0
1427,0.0
1177,2.0
4449,2.0
142,2.0
672,2.0
3774,1.0
4086,0.0
2454,2.0
217,1.0
2552,2.0
4171,1.0
2908,0.0
124,2.0
520,0.0
2225,2.0
168,2.0
3786,2.0
580,1.0
2797,2.0
1633,2.0
3756,2.0
4937,1.0
3760,2.0
1919,2.0
1540,0.0
2493,0.0
2001,2.0
962,2.0
3089,0.0
4450,2.0
3390,2.0
1001,1.0
1024,2.0
3470,1.0
1079,2.0
2272,2.0
1835,2.0
1675,2.0
2917,1.0
918,2.0
1373,0.0
4173,1.0
3973,2.0
2686,2.0
2907,1.0
1055,2.0
714,2.0
3832,1.0
1231,2.0
4002,1.0
1015,0.0
2209,2.0
3335,1.0
4225,0.0
295,2.0
1276,0.0
1230,1.0
1959,0.0
1132,1.0
4839,2.0
916,2.0
1729,0.0
2436,2.0
176,1.0
3939,0.0
4126,0.0
3136,2.0
4755,1.0
4257,0.0
3001,0.0
2123,2.0
5030,1.0
3279,0.0
1486,1.0
1107,0.0
4128,0.0
2032,2.0
2772,1.0
4951,2.0
29,1.0
1050,1.0
4334,1.0
2450,0.0
2630,2.0
3877,2.0
4557,2.0
4823,2.0
4791,2.0
115,2.0
617,2.0
3294,2.0
4472,2.0
875,2.0
2428,2.0
2835,2.0
1412,0.0
1863,2.0
5253,2.0
1810,2.0
894,1.0
2345,1.0
1464,2.0
4404,0.0
3725,0.0
991,2.0
4389,2.0
1126,2.0
970,0.0
4308,0.0
5238,1.0
307,2.0
722,0.0
1741,1.0
3630,2.0
5062,2.0
1524,2.0
906,2.0
4469,0.0
548,0.0
825,1.0
3852,0.0
3790,1.0
2561,1.0
2576,2.0
2087,0.0
2955,1.0
3160,2.0
2661,2.0
4838,1.0
1185,2.0
4279,0.0
2281,2.0
3913,2.0
3142,0.0
3180,0.0
3463,0.0
4957,2.0
4554,2.0
1383,2.0
199,2.0
2760,2.0
659,1.0
5180,0.0
2273,2.0
2149,2.0
3636,0.0
3063,1.0
3624,2.0
1216,2.0
1103,2.0
4206,1.0
2034,1.0
859,2.0
461,0.0
1820,0.0
4906,1.0
2467,0.0
4366,0.0
472,1.0
751,1.0
1520,0.0
3522,2.0
2867,2.0
490,1.0
2340,1.0
1381,1.0
2491,2.0
3098,0.0
3358,1.0
2472,2.0
965,0.0
2801,2.0
2827,2.0
3501,2.0
1511,0.0
665,0.0
2173,2.0
571,2.0
2215,2.0
2212,1.0
1786,0.0
3423,2.0
4460,2.0
791,1.0
478,2.0
3549,0.0
3669,1.0
5009,2.0
4370,2.0
2277,0.0
2153,1.0
1203,2.0
3131,1.0
1622,2.0
4824,1.0
4122,2.0
2354,0.0
4973,0.0
4861,0.0
4567,2.0
3682,0.0
1288,2.0
3398,2.0
2488,1.0
1243,0.0
3439,0.0
4663,2.0
2361,0.0
2680,2.0
246,2.0
710,0.0
3179,2.0
4386,0.0
4329,1.0
2753,0.0
723,2.0
3647,0.0
2905,1.0
980,2.0
1946,0.0
4623,2.0
2399,2.0
756,2.0
3269,2.0
3791,2.0
3448,1.0
2210,2.0
3403,0.0
2311,2.0
2452,1.0
207,2.0
1293,0.0
4372,2.0
1921,2.0
3996,2.0
3937,0.0
4027,2.0
4639,1.0
1794,2.0
1290,2.0
3129,1.0
5029,2.0
3037,2.0
1650,0.0
895,1.0
5122,2.0
4687,2.0
1357,1.0
3530,0.0
3334,2.0
1487,1.0
2024,2.0
347,2.0
513,2.0
4030,2.0
4365,1.0
4436,1.0
4025,0.0
3449,0.0
2097,2.0
5236,2.0
3190,1.0
149,2.0
4787,2.0
522,0.0
140,1.0
3000,2.0
117,2.0
1455,1.0
4863,2.0
1684,2.0
1440,0.0
519,2.0
2065,2.0
2397,2.0
5123,2.0
4026,1.0
2383,1.0
4052,2.0
4057,2.0
4208,1.0
282,2.0
3267,0.0
4209,2.0
2970,2.0
5243,2.0
2479,2.0
879,2.0
761,0.0
1583,2.0
420,1.0
1629,2.0
1896,2.0
1367,0.0
1550,1.0
2704,2.0
4031,0.0
4655,2.0
1003,2.0
973,0.0
5173,2.0
843,2.0
288,2.0
2312,1.0
3965,0.0
1161,0.0
1666,2.0
2388,1.0
3529,0.0
4084,2.0
772,2.0
1453,0.0
4420,2.0
2727,0.0
540,1.0
1258,1.0
890,0.0
715,1.0
236,0.0
902,0.0
82,2.0
3313,1.0
2602,2.0
4970,2.0
947,2.0
1757,0.0
4530,2.0
1138,2.0
5049,1.0
4207,2.0
144,0.0
2590,1.0
3024,0.0
4047,2.0
2295,2.0
3022,1.0
1818,0.0
2363,2.0
2749,1.0
4974,2.0
2698,0.0
3680,1.0
951,2.0
2348,1.0
1862,0.0
5083,0.0
3989,2.0
3434,0.0
2530,1.0
4458,0.0
1859,2.0
497,1.0
3030,2.0
418,2.0
1952,0.0
2424,2.0
1852,1.0
1226,2.0
3866,2.0
4269,2.0
664,0.0
2954,0.0
708,1.0
4482,0.0
4104,1.0
118,0.0
4522,1.0
3166,2.0
1860,1.0
719,0.0
4596,0.0
3800,2.0
450,0.0
699,2.0
3639,0.0
2788,0.0
2573,1.0
3674,0.0
2165,2.0
2968,1.0
4864,0.0
447,0.0
846,2.0
325,1.0
2710,2.0
4007,2.0
4518,2.0
2377,2.0
154,1.0
1198,2.0
4110,2.0
4965,2.0
3404,2.0
4355,0.0
2647,0.0
3181,2.0
4670,0.0
1118,0.0
3081,2.0
4810,1.0
3340,2.0
1909,2.0
4336,2.0
910,1.0
3924,2.0
3125,1.0
685,1.0
4097,2.0
1372,2.0
5052,2.0
3494,0.0
4660,2.0
4286,1.0
4617,0.0
454,1.0
1624,1.0
5022,2.0
4818,2.0
4504,2.0
5066,1.0
2492,2.0
926,0.0
4640,0.0
508,2.0
2925,0.0
4788,1.0
3386,0.0
1878,1.0
4197,2.0
3362,2.0
1384,0.0
966,1.0
4050,0.0
1390,2.0
5055,2.0
1123,1.0
1474,1.0
5064,1.0
4181,2.0
1338,0.0
337,2.0
1962,0.0
3622,2.0
3631,1.0
2086,0.0
3618,0.0
707,1.0
5153,1.0
2571,1.0
1269,2.0
2224,1.0
1545,2.0
3325,2.0
2568,1.0
2201,0.0
4978,2.0
2180,1.0
693,1.0
2681,1.0
284,2.0
943,0.0
4402,1.0
4477,2.0
1377,2.0
163,1.0
5004,1.0
2249,2.0
1244,2.0
4601,2.0
1872,2.0
3672,0.0
2974,1.0
402,0.0
1638,0.0
2737,2.0
35,2.0
2009,2.0
2238,1.0
1731,1.0
100,0.0
2023,1.0
3154,2.0
876,1.0
4814,0.0
2706,1.0
306,0.0
2064,2.0
1603,1.0
547,0.0
3795,1.0
1980,2.0
557,2.0
3706,1.0
1574,1.0
2638,1.0
2773,2.0
3235,0.0
967,0.0
4102,1.0
4081,0.0
1699,1.0
1997,1.0
3327,1.0
622,1.0
2635,2.0
4972,1.0
1514,2.0
4922,2.0
2469,0.0
3474,2.0
300,0.0
2141,1.0
1420,2.0
3034,0.0
3653,2.0
2390,2.0
2863,0.0
1494,2.0
4028,2.0
4852,2.0
646,1.0
598,2.0
2575,2.0
5274,0.0
1516,1.0
3447,2.0
3884,1.0
2158,2.0
5131,2.0
1331,2.0
4656,1.0
5021,0.0
504,2.0
776,1.0
351,0.0
2471,2.0
4494,0.0
3979,2.0
2314,2.0
2461,0.0
1649,2.0
2532,2.0
4671,2.0
2536,1.0
550,2.0
4669,0.0
3061,0.0
3232,0.0
527,1.0
3347,0.0
1748,0.0
645,2.0
2522,2.0
4796,2.0
4268,2.0
3690,2.0
3451,2.0
4448,0.0
3510,2.0
2056,2.0
1154,2.0
439,0.0
4011,0.0
180,2.0
3742,2.0
1310,1.0
3064,1.0
167,2.0
5078,1.0
75,0.0
1136,0.0
2637,1.0
4285,0.0
43,1.0
352,2.0
4594,0.0
486,1.0
4341,2.0
3419,1.0
4982,2.0
4340,2.0
3951,2.0
975,1.0
3724,2.0
1977,0.0
4092,1.0
79,2.0
1393,2.0
1488,1.0
5003,0.0
1396,0.0
4576,1.0
3775,2.0
1847,2.0
3246,2.0
1866,2.0
3409,2.0
1220,0.0
4236,2.0
129,1.0
3702,2.0
137,0.0
3556,2.0
2146,2.0
2592,1.0
7,2.0
1714,2.0
3378,0.0
2973,2.0
1448,1.0
5111,2.0
2290,1.0
2037,2.0
702,1.0
2583,2.0
5143,2.0
4290,2.0
